Prodotto;Milano;Napoli;Roma
Laptop;1056.3809523809523;1117.5555555555557;1054.2105263157894
Smartphone;1117.9;870.65;1124.1153846153845
Tablet;1113.3636363636363;1222.7368421052631;1212.375
